"ServiceId","ServiceGroup","RolloutID","BuildNumber","PreciseTimeStamp"
"0a040f25-f1a7-4d63-a1c1-d4c7f25f47ca","1ESCloudTestWorker","ddb5f08b-334e-4137-8470-be172ee92f10","tomasvokal - Release-53","2024-07-24T13:13:16.472881Z"
"516d205c-b6ec-443f-b340-77dcd37798dc","1ESResourceManagement","b4ec3d90-a276-4f9c-ba99-dff318e7c292","dev2b-566","2024-07-24T07:26:57.3192Z"
"516d205c-b6ec-443f-b340-77dcd37798dc","1ESResourceManagement","fb26c9c8-9a39-4b8f-be7c-b4140450a2d5","tomasvokal - Release-53","2024-07-24T13:13:40.527416Z"
"0a040f25-f1a7-4d63-a1c1-d4c7f25f47ca","1ESSessionServiceGroup","07b78b3f-ff4a-453e-8665-262e668e5317","dev2b-566","2024-07-24T07:26:58.037776Z"
"0a040f25-f1a7-4d63-a1c1-d4c7f25f47ca","1ESSessionServiceGroup","9e84282a-f70b-45fc-9ce2-0f0d4fca8a24","tomasvokal - Release-53","2024-07-24T13:13:37.155049Z"
"NOT_AVAILABLE","1pGitAzureFunction","449c2420-2805-412d-8a69-67537951de4e","1.0.02761.1376","2024-07-24T07:24:07.915575Z"
"NOT_AVAILABLE","1pGitAzureFunction","d5883f6f-57d4-470e-a7a1-1c1ee484ee42","1.0.02761.1377","2024-07-24T13:38:21.854188Z"
"4de268ce-4b02-49da-a639-3630ab5e68d5","AAD First Party Git","c411566b-c531-4fda-b4d3-8473c4e79e26","20240724.2","2024-07-24T07:26:03.00614Z"
"0a145467-41c4-4baa-896d-4d7b4b30a6e5","AAD First Party Git","8129cc15-c29f-4218-8d6c-959063b0634b","20240724.1","2024-07-24T10:27:13.312244Z"
"2fa7ba65-93e0-46c6-98b0-1df0c4e8a74d","AAD First Party Git","5ce3e3a7-f138-4348-842c-8fe88922c210","master-Official-2024-07-22.1","2024-07-24T12:04:43.665854Z"
"259f9ded-b047-4edd-aae1-e253f6247176","AAD First Party Git","7fcf1771-cc8a-4b5c-80d4-689715c5f3b8","20240724.3","2024-07-24T12:46:46.341041Z"
"924b96de-5423-4872-b531-f4c1c96a6d61","AAD First Party Git","5eea3b5b-caa3-405f-9582-0b1f03c4f245","20240724.2","2024-07-24T13:48:53.48764Z"
"2fa7ba65-93e0-46c6-98b0-1df0c4e8a74d","AAD First Party Git","83b54c58-9ed9-48d7-a80c-c3083cf909cb","master-Official-2024-07-24.1","2024-07-24T13:54:01.234914Z"
"a84923a4-f36d-4d93-a3ff-9801c5cae1e7","AAD First Party Git","d1575155-d97f-4561-abf7-0032f049b030","20240724.1","2024-07-24T14:00:29.192335Z"
"NOT_AVAILABLE","AAD First Party Git","6a0860ea-8364-4fde-b17c-4ad21b89425e","1.0.02761.25681","2024-07-24T14:10:02.072453Z"
"28c3d063-77fb-4fc5-9f92-75f7608fe2f8","AAD First Party Git","9a6fdcea-c45c-46f4-9186-a36ea4972810","20240723.1","2024-07-24T14:19:40.34245Z"
"f76de4a1-629f-4651-9d76-1d7b56544f3c","ADF.AKS.Logging","0d8b4f70-abe9-4ffe-98d0-e3603b634f55","20240724.3","2024-07-24T10:11:14.134126Z"
"f76de4a1-629f-4651-9d76-1d7b56544f3c","ADF.AKS.Logging","15927448-b292-4fce-8fac-ee89a9ac5f7e","20240724.2","2024-07-24T10:19:15.400303Z"
"f76de4a1-629f-4651-9d76-1d7b56544f3c","ADF.AKS.Logging","8a43fd8e-66a0-4841-a6a0-4c4c3686e2f5","20240724.2","2024-07-24T11:34:41.659752Z"
"f76de4a1-629f-4651-9d76-1d7b56544f3c","ADF.AKS.Logging","22a135b6-7027-4058-9bfd-f8806906db79","20240724.4","2024-07-24T12:23:46.909064Z"
"f76de4a1-629f-4651-9d76-1d7b56544f3c","ADF.AKS.Logging","3523063f-7b53-4e6a-9407-cf57c9167037","20240724.4","2024-07-24T12:29:47.913513Z"
"f76de4a1-629f-4651-9d76-1d7b56544f3c","ADF.AKS.Logging","2766401c-c5af-43bd-bd3d-3943b6c957bc","20240724.5","2024-07-24T12:39:09.61562Z"
"f76de4a1-629f-4651-9d76-1d7b56544f3c","ADF.AKS.Logging","99c74645-6610-4a2f-9561-2444dbd94808","20240724.5","2024-07-24T13:01:19.973002Z"
"f76de4a1-629f-4651-9d76-1d7b56544f3c","ADF.AKS.Metrics","04570d66-a348-449d-8f3c-720806fa376f","20240724.3","2024-07-24T10:12:16.064906Z"
"f76de4a1-629f-4651-9d76-1d7b56544f3c","ADF.AKS.Metrics","d70f5174-d801-4028-83e4-be5b7f124726","20240724.2","2024-07-24T10:17:47.609513Z"
"f76de4a1-629f-4651-9d76-1d7b56544f3c","ADF.AKS.Metrics","b9b335b7-e0ae-48f0-9c20-a429338e5bb8","20240724.4","2024-07-24T12:22:00.536537Z"
"f76de4a1-629f-4651-9d76-1d7b56544f3c","ADF.AKS.Metrics","159a3e1b-a22d-473e-8638-7b3468d7c5f7","20240724.4","2024-07-24T12:30:08.288335Z"
"f76de4a1-629f-4651-9d76-1d7b56544f3c","ADF.AKS.Metrics","9cb80189-10ee-4e41-a9d4-1053fdb66fd1","20240724.5","2024-07-24T12:37:35.708701Z"
"f76de4a1-629f-4651-9d76-1d7b56544f3c","ADF.AKS.Metrics","5c859087-5ebc-410a-ab04-9dbd1b145d35","20240724.5","2024-07-24T13:01:16.369899Z"
"f76de4a1-629f-4651-9d76-1d7b56544f3c","ADF.AKS.Reloader","9396797b-ee97-4165-8528-bdd54182a798","20240724.3","2024-07-24T10:10:19.175541Z"
"f76de4a1-629f-4651-9d76-1d7b56544f3c","ADF.AKS.Reloader","5ef4587e-40f1-426f-960b-9cb1984ee588","20240724.2","2024-07-24T10:18:07.519709Z"
"f76de4a1-629f-4651-9d76-1d7b56544f3c","ADF.AKS.Reloader","cf6012a2-72d3-42b9-b5c7-2f037a7eda5f","20240724.3","2024-07-24T10:22:12.256706Z"
"f76de4a1-629f-4651-9d76-1d7b56544f3c","ADF.AKS.Reloader","0dc42fcf-bd02-4088-9cf2-239a342e4ed9","20240724.4","2024-07-24T12:22:29.74283Z"
"f76de4a1-629f-4651-9d76-1d7b56544f3c","ADF.AKS.Reloader","a5ba613c-10a1-4c97-9d9c-d0f72229068a","20240724.4","2024-07-24T12:30:12.410432Z"
"f76de4a1-629f-4651-9d76-1d7b56544f3c","ADF.AKS.Reloader","8eec6e0b-8466-429d-bf4a-61abb1b9bdf2","20240724.5","2024-07-24T12:38:15.669298Z"
"f76de4a1-629f-4651-9d76-1d7b56544f3c","ADF.AKS.Reloader","0f6c8b8b-1562-4f24-a88c-9383e0857319","20240724.5","2024-07-24T13:01:02.913928Z"
"f76de4a1-629f-4651-9d76-1d7b56544f3c","ADF.AksCluster","c2c0137e-2c65-4ae2-bfaa-d8937a1f9924","20240724.1","2024-07-24T10:20:17.309744Z"
"f76de4a1-629f-4651-9d76-1d7b56544f3c","ADF.AksCluster","d9cdde14-55e3-49a5-a3cf-ffbea6e8126e","20240724.4","2024-07-24T11:59:03.414971Z"
"f76de4a1-629f-4651-9d76-1d7b56544f3c","ADF.AksCluster","11bcdf81-c85a-4668-9b77-5a1f8985b65f","20240724.4","2024-07-24T12:14:23.990311Z"
"f76de4a1-629f-4651-9d76-1d7b56544f3c","ADF.AksCluster","99d7e2e2-fd51-4c94-a9f3-6e463a383d94","20240724.5","2024-07-24T12:18:56.661438Z"
"f76de4a1-629f-4651-9d76-1d7b56544f3c","ADF.AksCluster","ede758ba-5c3b-467b-a029-fd813e713108","20240724.5","2024-07-24T12:45:47.337792Z"
"f76de4a1-629f-4651-9d76-1d7b56544f3c","ADF.BackgroundService","e9554df7-0fda-41a6-8ca9-5ab5438a55f4","20240724.3","2024-07-24T10:10:18.618098Z"
"f76de4a1-629f-4651-9d76-1d7b56544f3c","ADF.BackgroundService","3f6e2bc9-26c2-41d0-9c3e-357bd3e5d201","20240724.4","2024-07-24T12:31:11.806415Z"
"f76de4a1-629f-4651-9d76-1d7b56544f3c","ADF.BackgroundService","40521fa0-4de1-4e04-856b-831522677d0b","20240724.4","2024-07-24T12:31:26.387457Z"
"f76de4a1-629f-4651-9d76-1d7b56544f3c","ADF.BackgroundService","87ac50aa-4af6-489b-a99b-45f927e8df45","20240724.5","2024-07-24T12:54:43.842748Z"
"f76de4a1-629f-4651-9d76-1d7b56544f3c","ADF.BackgroundService","234cbee3-4adc-45e7-945c-0261a63388b9","20240724.5","2024-07-24T13:00:19.439087Z"
"f76de4a1-629f-4651-9d76-1d7b56544f3c","ADF.DataflowManager","31e7cbb7-b58c-4880-8ce0-a3672e1dd94f","20240724.3","2024-07-24T10:11:03.948812Z"
"f76de4a1-629f-4651-9d76-1d7b56544f3c","ADF.DataflowManager","598bde94-d62b-42dc-b65d-e3c5b3ec1261","20240724.4","2024-07-24T12:30:47.28421Z"
"f76de4a1-629f-4651-9d76-1d7b56544f3c","ADF.DataflowManager","0ca9bb5e-0b97-4aaf-bc06-033703b59ebe","20240724.5","2024-07-24T13:01:25.149945Z"
"f76de4a1-629f-4651-9d76-1d7b56544f3c","ADF.Ingress","ad8f64a5-c1f4-42f9-b8f8-eee93b3ae980","20240724.3","2024-07-24T10:10:13.136806Z"
"f76de4a1-629f-4651-9d76-1d7b56544f3c","ADF.Ingress","b4e56ff5-9ad9-45b8-9d75-b1a8c0620c02","20240724.2","2024-07-24T10:18:11.050278Z"
"f76de4a1-629f-4651-9d76-1d7b56544f3c","ADF.Ingress","a89788f8-bd5a-4558-843f-5e8e987ce613","20240724.4","2024-07-24T12:23:33.50068Z"
"f76de4a1-629f-4651-9d76-1d7b56544f3c","ADF.Ingress","56e0ab0b-4b96-4497-931e-d8767dc9794d","20240724.4","2024-07-24T12:29:48.429029Z"
"f76de4a1-629f-4651-9d76-1d7b56544f3c","ADF.Ingress","a4249f80-4357-4b85-a362-13e678572030","20240724.5","2024-07-24T12:38:02.625079Z"
"f76de4a1-629f-4651-9d76-1d7b56544f3c","ADF.Ingress","0e70cf33-4a31-4e80-918c-d27d2fd2406e","20240724.5","2024-07-24T13:00:24.058047Z"
"f76de4a1-629f-4651-9d76-1d7b56544f3c","ADF.LSRPipelineManager","9e40edcf-9e0c-446e-9482-326fb4548a96","20240724.3","2024-07-24T10:11:03.250453Z"
"f76de4a1-629f-4651-9d76-1d7b56544f3c","ADF.LSRPipelineManager","3e2a3f20-8c37-4caa-8084-c6b4eb11ab68","20240724.2","2024-07-24T10:27:01.876644Z"
"f76de4a1-629f-4651-9d76-1d7b56544f3c","ADF.LSRPipelineManager","2e1471fb-c3e8-4e30-bf8f-b2cbda6d8e0c","20240724.4","2024-07-24T12:31:53.828948Z"
"f76de4a1-629f-4651-9d76-1d7b56544f3c","ADF.LSRPipelineManager","950b024d-7a73-4c37-93f7-e72ee5cb7f54","20240724.4","2024-07-24T12:51:54.129759Z"
"f76de4a1-629f-4651-9d76-1d7b56544f3c","ADF.LSRPipelineManager","ed94a5b2-2e31-4350-b44f-70dba5735de9","20240724.5","2024-07-24T13:01:22.13495Z"
"f76de4a1-629f-4651-9d76-1d7b56544f3c","ADF.MetadataManager","1ddf3fbc-8ad4-44a6-a009-cf30ef6cd6e2","20240724.3","2024-07-24T10:12:11.047273Z"
"f76de4a1-629f-4651-9d76-1d7b56544f3c","ADF.MetadataManager","26353c7c-33d4-40db-a375-963182265e4a","20240724.4","2024-07-24T12:30:16.364786Z"
"f76de4a1-629f-4651-9d76-1d7b56544f3c","ADF.MetadataManager","c77d67f0-b984-4356-b68e-df7f301fd91f","20240724.4","2024-07-24T12:31:16.210977Z"
"f76de4a1-629f-4651-9d76-1d7b56544f3c","ADF.MetadataManager","2fe2bb8b-cf03-47b8-8c3c-40b11aaec96d","20240724.5","2024-07-24T12:53:12.917867Z"
"f76de4a1-629f-4651-9d76-1d7b56544f3c","ADF.MetadataManager","57c84f50-311c-4c09-be28-05cfecfd65d1","20240724.5","2024-07-24T13:00:41.668187Z"
"f76de4a1-629f-4651-9d76-1d7b56544f3c","ADF.MonitoringService","c15c3f2e-460b-4e72-8b96-92c8593766d9","20240724.3","2024-07-24T10:11:13.734014Z"
"f76de4a1-629f-4651-9d76-1d7b56544f3c","ADF.MonitoringService","32897077-1c0a-481f-98d7-be9a5d701fd0","20240724.3","2024-07-24T11:32:51.768618Z"
"f76de4a1-629f-4651-9d76-1d7b56544f3c","ADF.MonitoringService","9a2a85da-15e2-4ba3-b388-5df1a874d5fc","20240724.4","2024-07-24T12:30:10.440168Z"
"f76de4a1-629f-4651-9d76-1d7b56544f3c","ADF.MonitoringService","e6e0734e-bc97-41e1-95bc-79b462d370dd","20240724.4","2024-07-24T12:33:03.837344Z"
"f76de4a1-629f-4651-9d76-1d7b56544f3c","ADF.MonitoringService","55eaa778-00a5-4103-82b8-2963acebe2b1","20240724.5","2024-07-24T12:53:36.043363Z"
"f76de4a1-629f-4651-9d76-1d7b56544f3c","ADF.MonitoringService","8d6ce84c-8c4e-41c6-a0bf-1592ab30ebb8","20240724.5","2024-07-24T12:59:45.674074Z"
"f76de4a1-629f-4651-9d76-1d7b56544f3c","ADF.PartnerDataPlaneResourceProvider","0c3465bd-67ea-4f8d-831a-be9544873aa8","20240724.3","2024-07-24T10:11:05.732992Z"
"f76de4a1-629f-4651-9d76-1d7b56544f3c","ADF.PartnerDataPlaneResourceProvider","6fe2cede-35c6-42da-837e-6c704eb1fa12","20240724.2","2024-07-24T10:27:00.804291Z"
"f76de4a1-629f-4651-9d76-1d7b56544f3c","ADF.PartnerDataPlaneResourceProvider","fb0e5e13-1776-4597-abe5-3055cec31b7a","20240724.4","2024-07-24T12:30:59.808904Z"
"f76de4a1-629f-4651-9d76-1d7b56544f3c","ADF.PartnerDataPlaneResourceProvider","65bb81e8-c20d-4ba6-a6a4-ed05390252bc","20240724.4","2024-07-24T12:51:16.632402Z"
"f76de4a1-629f-4651-9d76-1d7b56544f3c","ADF.PartnerDataPlaneResourceProvider","78bfa449-8f76-414a-b9f3-0c3b4003d8b2","20240724.5","2024-07-24T13:00:58.199218Z"
"f76de4a1-629f-4651-9d76-1d7b56544f3c","ADF.PipelineManager","e6c3d54f-5459-4ebe-9f48-97fcd0dda599","20240724.3","2024-07-24T10:09:33.058891Z"
"f76de4a1-629f-4651-9d76-1d7b56544f3c","ADF.PipelineManager","fb7eeb89-0498-478d-960d-c24ff5310d24","20240724.4","2024-07-24T12:28:47.086418Z"
"f76de4a1-629f-4651-9d76-1d7b56544f3c","ADF.PipelineManager","c77ad6f8-a0d0-422b-b3e2-8b41bd29c3a7","20240724.4","2024-07-24T12:31:13.592967Z"
"f76de4a1-629f-4651-9d76-1d7b56544f3c","ADF.PipelineManager","bb999fe0-c426-4f2e-9cf0-04c2b4deddf2","20240724.5","2024-07-24T12:54:01.098689Z"
"f76de4a1-629f-4651-9d76-1d7b56544f3c","ADF.PipelineManager","9f4b39cc-2e2f-43c1-9196-bcb5aa427bf2","20240724.5","2024-07-24T13:00:24.946424Z"
"f76de4a1-629f-4651-9d76-1d7b56544f3c","ADF.RegionExpansion","76182456-197d-4b54-baaf-96c40abf283e","20240721.1","2024-07-24T10:27:40.885399Z"
"f76de4a1-629f-4651-9d76-1d7b56544f3c","ADF.ResourceProvider","dcef07d7-3ef6-4834-9c9e-9c53a0565e3d","20240724.3","2024-07-24T10:11:41.087749Z"
"f76de4a1-629f-4651-9d76-1d7b56544f3c","ADF.ResourceProvider","8f253152-1762-4c23-a3dd-ff753920de1d","20240724.4","2024-07-24T12:29:44.213274Z"
"f76de4a1-629f-4651-9d76-1d7b56544f3c","ADF.ResourceProvider","01e665e6-32a8-45e4-916e-bd1f04b52a80","20240724.4","2024-07-24T12:30:52.236872Z"
"f76de4a1-629f-4651-9d76-1d7b56544f3c","ADF.ResourceProvider","76c1b89a-5abd-45c2-8aa6-be77310bbc2f","20240724.5","2024-07-24T12:53:44.417362Z"
"f76de4a1-629f-4651-9d76-1d7b56544f3c","ADF.ResourceProvider","8981f153-db6b-41c7-885f-105f00eff09e","20240724.5","2024-07-24T13:01:03.087366Z"
"3cd8bc45-8d2e-486e-93a3-3a3ee465fe85","ADXBuildOut","440001a2-1078-4ea1-b3c7-6843131af8d5","20240724.2","2024-07-24T10:23:21.380803Z"
"099d7c99-7de8-4a98-b068-9fdcdfbbd705","ADXBuildOut","3c6edd7c-feb9-41c2-bdf5-b81f0e693f9c","1_0_2891_0_98830989 (engsys_mda_pipeline_delivery_main)","2024-07-24T14:05:35.403148Z"
"099d7c99-7de8-4a98-b068-9fdcdfbbd705","ADXBuildOut","12e5296e-ba57-4d2a-9235-6a52301ce14c","1_0_2891_0_98830989 (engsys_mda_pipeline_delivery_main)","2024-07-24T14:13:49.291034Z"
"099d7c99-7de8-4a98-b068-9fdcdfbbd705","ADXBuildOut","6aa82279-4495-43b4-85bf-4938b3f1d2d4","1_0_2891_0_98830989 (engsys_mda_pipeline_delivery_main)","2024-07-24T14:21:19.026442Z"
"2ea29b44-37cd-47cd-bf1f-f6c3b8f6eeaf","AICP","ad72e014-fde2-4ab4-bee5-ee655b29a37c","1.0.98890454-alpha-703867e","2024-07-24T07:25:53.873512Z"
"2ea29b44-37cd-47cd-bf1f-f6c3b8f6eeaf","AICP","6b8f0412-7e5a-48df-a152-5d43b5c89ca6","1.0.98890454-alpha-703867e","2024-07-24T07:25:55.815971Z"
"2ea29b44-37cd-47cd-bf1f-f6c3b8f6eeaf","AICP","c8ae0a5f-f181-472b-af4c-238fc63a3d59","1.0.98890454-alpha-703867e","2024-07-24T07:26:45.537858Z"
"2ea29b44-37cd-47cd-bf1f-f6c3b8f6eeaf","AICP","6a50583a-58d7-4ce5-a6f9-db2474f95318","1.0.98890454-alpha-703867e","2024-07-24T07:26:55.412672Z"
"NOT_AVAILABLE","AICP","6344454d-730f-4294-95d9-2c6fc70384ad","20240722.2","2024-07-24T07:27:41.54761Z"
"01986c17-6738-4e42-9e47-178fa07c50d6","AICP","58111dfe-69fa-4fa1-9e0a-abed2efba91d","1.0.02761.4574-official-136aae09","2024-07-24T10:19:22.708768Z"
"01986c17-6738-4e42-9e47-178fa07c50d6","AICP","c58750e2-9233-45df-8534-ae87e2e946d6","1.0.02761.4574-official-136aae09","2024-07-24T10:19:36.927395Z"
"01986c17-6738-4e42-9e47-178fa07c50d6","AICP","2318f712-5db9-41d3-bf40-2632e32ef1bf","1.0.02761.4574-official-136aae09","2024-07-24T10:19:40.520409Z"
"01986c17-6738-4e42-9e47-178fa07c50d6","AICP","9af636f6-f2ae-483c-ad9c-738f00695e1e","1.0.02761.4574-official-136aae09","2024-07-24T10:19:50.638699Z"
"01986c17-6738-4e42-9e47-178fa07c50d6","AICP","de819d3f-ffd0-4e06-8476-ec4854d8e4fc","1.0.02761.4574-official-136aae09","2024-07-24T10:19:56.343699Z"
"01986c17-6738-4e42-9e47-178fa07c50d6","AICP","957a3a1e-01bf-4bcc-9416-fd36ec9d7a26","1.0.02761.4574-official-136aae09","2024-07-24T10:20:02.464611Z"
"01986c17-6738-4e42-9e47-178fa07c50d6","AICP","18f8e28f-0119-4e2d-a6e9-ca4dd7f032b9","1.0.02761.4574-official-136aae09","2024-07-24T10:20:03.091859Z"
"01986c17-6738-4e42-9e47-178fa07c50d6","AICP","5b00c094-c1e7-4e1e-bfac-a57e5f829232","1.0.02761.4574-official-136aae09","2024-07-24T10:20:06.200933Z"
"01986c17-6738-4e42-9e47-178fa07c50d6","AICP","1b3e3e45-0cae-4001-97dd-b1967c4421df","1.0.02761.4574-official-136aae09","2024-07-24T10:20:19.448547Z"
"NOT_AVAILABLE","AICP","6c0cba3b-f599-4c5b-8634-01240f21b7e0","20240722.2","2024-07-24T10:29:38.06826Z"
"01986c17-6738-4e42-9e47-178fa07c50d6","AICP","ed247e18-3de3-4046-a0d1-531bbd9e1bb0","1.0.02761.4574-official-136aae09","2024-07-24T11:40:07.566891Z"
"01986c17-6738-4e42-9e47-178fa07c50d6","AICP","8b8ac211-7e25-4121-aaaa-6cf19d95fe26","1.0.02761.4574-official-136aae09","2024-07-24T11:44:44.422444Z"
"01986c17-6738-4e42-9e47-178fa07c50d6","AICP","e03bf08a-fa02-414f-ae62-b38889df6ac5","1.0.02761.968","2024-07-24T11:45:09.087434Z"
"01986c17-6738-4e42-9e47-178fa07c50d6","AICP","20ea70e9-72cb-4bcb-af78-109e4414db23","1.0.02761.4574-official-136aae09","2024-07-24T11:46:07.342348Z"
"01986c17-6738-4e42-9e47-178fa07c50d6","AICP","9ef18206-ab39-4f04-8ada-c6b3b7f6e9fd","1.0.02761.4574-official-136aae09","2024-07-24T11:48:30.524873Z"
"01986c17-6738-4e42-9e47-178fa07c50d6","AICP","980d44f3-d9e2-4512-97fd-6dd5949b5b65","1.0.02761.4574-official-136aae09","2024-07-24T11:49:27.499636Z"
"01986c17-6738-4e42-9e47-178fa07c50d6","AICP","1320bbf4-cf6a-4bf6-9b67-13ce94486c6c","1.0.02761.4574-official-136aae09","2024-07-24T11:53:54.24498Z"
"01986c17-6738-4e42-9e47-178fa07c50d6","AICP","d8b351a1-e2a6-44ff-9bc5-9b409f722782","1.0.02761.4574-official-136aae09","2024-07-24T11:56:25.219476Z"
"01986c17-6738-4e42-9e47-178fa07c50d6","AICP","1fc18d47-6571-4817-88a9-45a07854a2b7","1.0.02761.4574-official-136aae09","2024-07-24T11:56:53.216806Z"
"01986c17-6738-4e42-9e47-178fa07c50d6","AICP","b0b30347-8ea9-4793-8d51-7f83b6d0c37f","1.0.02761.4574-official-136aae09","2024-07-24T11:58:02.253304Z"
"01986c17-6738-4e42-9e47-178fa07c50d6","AICP","9f057234-16bc-4b49-8086-18726e166214","1.0.02761.221","2024-07-24T12:06:14.460301Z"
"01986c17-6738-4e42-9e47-178fa07c50d6","AICP","6e81d6bf-e340-41e0-aa8c-a62a8730a2e4","1.0.02761.221","2024-07-24T12:06:32.462Z"
"01986c17-6738-4e42-9e47-178fa07c50d6","AICP","ea720543-1d98-4362-a974-08d013b5dc09","1.0.02761.968","2024-07-24T12:09:00.518547Z"
"01986c17-6738-4e42-9e47-178fa07c50d6","AICP","79b33891-cf0f-44a5-8deb-b72aba906603","1.0.02761.4574-official-136aae09","2024-07-24T12:20:41.099336Z"
"01986c17-6738-4e42-9e47-178fa07c50d6","AICP","592a7e43-d97a-4351-8ceb-036e02723e5c","1.0.02761.4574-official-136aae09","2024-07-24T12:24:06.416385Z"
"01986c17-6738-4e42-9e47-178fa07c50d6","AICP","2d7a32d1-7c8a-4cec-8fc9-fddeea8ba3ed","1.0.02761.4574-official-136aae09","2024-07-24T12:24:07.722467Z"
"01986c17-6738-4e42-9e47-178fa07c50d6","AICP","a9a63517-e9fd-4a59-894f-c77635581142","1.0.02761.4574-official-136aae09","2024-07-24T12:28:46.617763Z"
"01986c17-6738-4e42-9e47-178fa07c50d6","AICP","b429d393-70c9-4565-8ba6-4abcc1bef874","1.0.02761.4574-official-136aae09","2024-07-24T12:32:18.663992Z"
"01986c17-6738-4e42-9e47-178fa07c50d6","AICP","8cb2f329-0d5e-42cb-b437-0bcb6a385bea","1.0.02761.4574-official-136aae09","2024-07-24T12:36:25.175384Z"
"NOT_AVAILABLE","AICP","66aad673-5841-44ad-ad35-3dabc770eb2d","20240724.1_uvsretrieval · master (pda) · master (uvs)","2024-07-24T13:02:59.538811Z"
"82b9a1cf-bbe3-488b-bdf9-fee717fa393a","AICP","62b4b428-07d2-405b-a445-72bdd223195b","20240724.1","2024-07-24T13:13:27.084825Z"
"01986c17-6738-4e42-9e47-178fa07c50d6","AICP","f7a54bdd-9e67-4b2c-9da8-52b735a0c540","20240724.1_uvsretrieval · master (pda) · master (uvs)","2024-07-24T13:21:10.25167Z"
"01986c17-6738-4e42-9e47-178fa07c50d6","AICP","c75bc6cd-4f14-42b7-a5a7-712f0951b0fb","20240724.1_uvsretrieval · master (pda) · master (uvs)","2024-07-24T13:42:45.655983Z"
"01986c17-6738-4e42-9e47-178fa07c50d6","AICP","63d1ce08-ac66-425a-958c-e987a1d8ada2","1.0.02761.37","2024-07-24T13:51:39.964706Z"
"NOT_AVAILABLE","AICP","17b94dc8-1bab-4332-95fc-2dadc632ddc3","20240724.7_dev8_vision-batch · hayan∕temp∕cnetralus (pda) · dev (uvs)","2024-07-24T14:21:37.614861Z"
"NOT_AVAILABLE","AICP","dee3ecc4-b581-456e-bc34-5519272af2b4","20240724.7_dev8_vision-batch · hayan∕temp∕cnetralus (pda) · dev (uvs)","2024-07-24T14:22:17.373815Z"
"NOT_AVAILABLE","AICP","deef7f77-d880-4b66-a0ea-5b61ff687946","20240724.7_dev8_vision-batch · hayan∕temp∕cnetralus (pda) · dev (uvs)","2024-07-24T14:22:19.123862Z"
"NOT_AVAILABLE","AICP","274425b4-6fc2-4bde-b6e8-bbf14edcc590","20240724.7_dev8_vision-batch · hayan∕temp∕cnetralus (pda) · dev (uvs)","2024-07-24T14:22:20.104344Z"
"NOT_AVAILABLE","AICP","23377c9c-d74c-4be9-82eb-6eacf793792a","20240724.7_dev8_vision-batch · hayan∕temp∕cnetralus (pda) · dev (uvs)","2024-07-24T14:22:23.309001Z"
"aa5739a9-55b2-4d8f-9963-4b87f5789851","AICP","9cbe1b14-155b-48c5-bd73-9e3945435e2c","20240724.1","2024-07-24T14:28:28.234129Z"
"f1d1800e-d38e-41f2-b63c-72d59ecaf9c0","AKS-Infra-Deployer-Auto-Release","5f3006a4-4204-47b7-8f49-cf46735ca26a","1.main.20240718.1","2024-07-24T13:04:45.101207Z"
"0eabe05e-6c54-405a-99cc-b87552263f35","AMD","d6d3c82a-e0d7-4dc4-9d75-1d7de6e582aa","1.303.0","2024-07-24T11:30:10.040007Z"
"0eabe05e-6c54-405a-99cc-b87552263f35","AMD","b7870331-9e23-439d-a499-4c8c8df51228","1.303.0","2024-07-24T11:32:08.483997Z"
"NOT_AVAILABLE","AMLPipeline","940ad687-0c73-468c-9743-450592a13eb8","1.0.02678.130","2024-07-24T13:01:37.178935Z"
"NOT_AVAILABLE","AMLPipeline","c62f9f00-5079-4946-9abb-170798dec810","1.0.02678.130","2024-07-24T13:18:24.786297Z"
"363f99dd-8311-435f-89cb-d795170d4ee9","AMS","299fac53-7111-4394-a9cd-b8a26400d09b","1.388.0-alpha.12","2024-07-24T09:58:12.182711Z"
"363f99dd-8311-435f-89cb-d795170d4ee9","AMS","98bb2eb1-0116-4c24-8313-ea96d73ea57e","1.388.0-alpha.14","2024-07-24T11:38:57.846319Z"
"363f99dd-8311-435f-89cb-d795170d4ee9","AMS","fe5a5d9a-66cb-473b-9c9f-32f7cbd58df1","1.388.0-alpha.14","2024-07-24T11:39:33.290968Z"
"363f99dd-8311-435f-89cb-d795170d4ee9","AMS","f9960652-ee82-4f70-bf84-98e20209539b","1.388.0-alpha.14","2024-07-24T11:41:08.537433Z"
"363f99dd-8311-435f-89cb-d795170d4ee9","AMS","b12117fe-2a29-43b5-a24f-198be3ccd7ad","1.388.0-alpha.14","2024-07-24T11:48:11.653136Z"
"363f99dd-8311-435f-89cb-d795170d4ee9","AMS","846338ba-ad06-48f4-af67-c50ffd3b59ee","1.388.0-alpha.14","2024-07-24T11:52:51.641588Z"
"363f99dd-8311-435f-89cb-d795170d4ee9","AMS","c34215fe-6914-4ec1-aa82-6a33f8c5bfdb","2024.7.8.2","2024-07-24T12:08:21.774305Z"
"363f99dd-8311-435f-89cb-d795170d4ee9","AMS","53c71384-eadc-4e82-9ac4-e741699f1ca9","2024.7.8.2","2024-07-24T12:09:12.780947Z"
"363f99dd-8311-435f-89cb-d795170d4ee9","AMS","14d5696b-2dbb-460b-8cf3-528292f6b696","1.388.0-alpha.14","2024-07-24T13:58:12.221421Z"
"363f99dd-8311-435f-89cb-d795170d4ee9","AMS","291c522f-426e-4fd6-804e-0edc49761999","1.388.0-alpha.14","2024-07-24T14:04:11.941483Z"
"363f99dd-8311-435f-89cb-d795170d4ee9","AMS","84feece7-75d9-4a68-8416-9204bc24b5cd","1.388.0-alpha.14","2024-07-24T14:11:10.695461Z"
"363f99dd-8311-435f-89cb-d795170d4ee9","AMS","8f558755-00a1-4a49-b79d-5b69db82028f","1.388.0-alpha.14","2024-07-24T14:11:48.678152Z"
"12635b84-e6ce-4936-8131-f6289ba575a3","AMSDeploymentToTestACR","9260392e-993b-4441-81eb-5bf075bfcb84","20240724.1","2024-07-24T11:47:50.622672Z"
"dd7abaef-7abe-4a4c-9c22-5bd43d2d0113","AMT","cc0ede6c-f386-4b09-9acc-c034fff65975","1.279.1","2024-07-24T11:35:08.863263Z"
"dd7abaef-7abe-4a4c-9c22-5bd43d2d0113","AMT","03440ce7-a3a6-47ae-aea1-0887f92ce905","1.279.1","2024-07-24T11:40:02.801399Z"
"NOT_AVAILABLE","ARM-RegionalStore-Dogfood","017aaca2-7d1d-4e60-a188-d8946e310dcb","2.4.39","2024-07-24T12:02:35.019046Z"
"NOT_AVAILABLE","ARM-RegionalStore-Dogfood","1379bdbf-33d9-4060-b0bd-49a884c76613","2.4.39","2024-07-24T12:02:43.025139Z"
"NOT_AVAILABLE","ARM-RegionalStore-Dogfood","70b883eb-8919-438e-9285-22fdead26518","2.4.39","2024-07-24T12:02:52.835792Z"
"4b226c96-c446-4cc8-9ba7-1d519ddc9a37","AadLoginsRouter","88e16fa8-c842-48a7-aec8-80cdaa1c4fcc","20240724.1","2024-07-24T10:14:47.423611Z"
"4b226c96-c446-4cc8-9ba7-1d519ddc9a37","AadLoginsRouter","ca66d382-3acc-49bd-8ef7-fefa420aa7d0","20240724.1","2024-07-24T11:46:22.780724Z"
"4b226c96-c446-4cc8-9ba7-1d519ddc9a37","AadLoginsRouter","fa1c373d-3d92-424b-9320-c0b64e1a2240","20240724.1","2024-07-24T11:50:28.207729Z"
"4b226c96-c446-4cc8-9ba7-1d519ddc9a37","AadLoginsRouter","910300e1-dcca-40fe-9d86-e258f7458db7","20240724.1","2024-07-24T11:53:44.110381Z"
"4b226c96-c446-4cc8-9ba7-1d519ddc9a37","AadLoginsRouter","7be2de8f-da24-4157-8f55-1e8f0ae93911","20240724.2","2024-07-24T13:36:20.418279Z"
"f717839a-0f61-4200-b1d1-df193fd98c7e","AceHub-ProblemManagement-EntityScheduler-sg","faac873d-559c-4cb6-acf8-460ca95de198","Buddy_PmProcessors_20240724.2","2024-07-24T07:24:19.08822Z"
"f717839a-0f61-4200-b1d1-df193fd98c7e","AceHub-ProblemManagement-EntityScheduler-sg","ce9f507e-9e8b-4195-92df-09ec8a08bc00","Buddy_PmProcessors_20240724.4","2024-07-24T10:14:59.249561Z"
"f717839a-0f61-4200-b1d1-df193fd98c7e","AceHub-ProblemManagement-IcmProcessor-sg","057e215d-7179-4410-a135-17ddb7c8726d","Buddy_PmProcessors_20240724.2","2024-07-24T07:25:50.236687Z"
"94ab5fba-7ff4-475a-a6ae-a679cfa943b5","AdhocShadowPartition","983f169f-c415-4a40-8682-87b7632dc5ca","20240723.7-mt-adhoc-build","2024-07-24T07:27:49.018321Z"
"94ab5fba-7ff4-475a-a6ae-a679cfa943b5","AdhocShadowPartition","e1260797-d747-4142-97f8-e974464784fe","20240724.1-mt-adhoc-build","2024-07-24T14:06:07.309597Z"
"35660eab-2d8e-4135-b43c-ef2837bdd57e","Adix-Analytics","e86a7b22-b6cd-4c9b-8f0a-9b34d0b4622e","20240724.5","2024-07-24T12:06:21.07371Z"
"35660eab-2d8e-4135-b43c-ef2837bdd57e","Adix-Analytics","f27ba4db-1c9f-4cac-999d-fe16f9ed5862","20240724.5","2024-07-24T13:31:07.014387Z"
"099d7c99-7de8-4a98-b068-9fdcdfbbd705","Adls","0c41afe5-f0d3-4176-9353-7def8b825d64","20240724.3","2024-07-24T12:36:25.220002Z"
"099d7c99-7de8-4a98-b068-9fdcdfbbd705","Adls","454a58d1-71ef-4856-b975-0905fa707562","20240724.4","2024-07-24T14:04:04.767615Z"
"a25b5d24-1032-4fa8-9e72-8c51b77c7b55","Admin","94ef6c83-3508-4620-a0f8-a490bc29832f","20240724.3","2024-07-24T10:17:11.901641Z"
"a25b5d24-1032-4fa8-9e72-8c51b77c7b55","Admin","de3e9438-5748-43f8-ab5e-32f4309756fa","20240724.4","2024-07-24T11:45:03.200169Z"
"a25b5d24-1032-4fa8-9e72-8c51b77c7b55","Admin","beb5aad0-4a36-4264-ad4e-c19f729c1ece","20240724.5","2024-07-24T12:31:22.116078Z"
"a25b5d24-1032-4fa8-9e72-8c51b77c7b55","Admin","61c64d5d-d7e6-46b7-ad34-617f9cfac4ea","20240724.6","2024-07-24T13:34:09.025222Z"
"NOT_AVAILABLE","AdminPortal UI","dd5778b7-25b0-4e16-805e-b09d5025ca4a","1.0.240723.6","2024-07-24T07:27:38.465624Z"
"NOT_AVAILABLE","AdminPortal UI","60562eb3-fd28-47f8-af72-29c73ff99008","1.0.240724.3","2024-07-24T10:18:55.529637Z"
"NOT_AVAILABLE","AdminPortal UI","8a15d867-223b-49c8-a685-22908419c3d4","1.0.240724.3","2024-07-24T10:26:24.765641Z"
"NOT_AVAILABLE","AdminPortal UI","4f373f23-ca79-428e-acbf-8e9367b4d15f","1.0.240724.3","2024-07-24T13:09:53.460323Z"
"7bff2dd7-fe14-472f-9c41-2c2c69a4114e","AesirCosmicConfigurationDeployment","72d7e39f-440b-4c70-aa58-1c29710c4856","20240724.1","2024-07-24T10:14:56.718766Z"
"6bd9b4f7-6d9e-4dbb-8aff-076d7daf2134","AesirCosmicConfigurationDeployment","46bb9c6b-7245-4210-8f0b-2d0343a49b59","20240724.2","2024-07-24T11:40:10.693122Z"
"6023b077-3201-47ea-ab2c-669eaea9b7a7","AesirCosmicConfigurationDeployment","0680cf5a-d093-4790-a999-aa7c7caef61c","20240724.1","2024-07-24T11:47:51.311086Z"
"7bff2dd7-fe14-472f-9c41-2c2c69a4114e","AesirCosmicConfigurationDeployment","d903ed83-eaa0-490c-82e4-81d55c8a7337","20240724.1","2024-07-24T12:07:23.583198Z"
"6d6c3371-144f-4206-a2a9-1ccd34e0efb0","AesirCosmicConfigurationDeployment","89c457be-10db-4e13-acca-ed648da18143","20240724.3","2024-07-24T12:09:54.852358Z"
"6d6c3371-144f-4206-a2a9-1ccd34e0efb0","AesirCosmicConfigurationDeployment","f6290334-859f-4218-a091-0ff2f264bc3a","1.20240724.3.0","2024-07-24T12:10:06.691465Z"
"6023b077-3201-47ea-ab2c-669eaea9b7a7","AesirCosmicConfigurationDeployment","5fc7405a-5c5e-4cd4-b1b5-2830480ff367","20240724.1","2024-07-24T12:16:16.925081Z"
"NOT_AVAILABLE","AesirCosmicConfigurationDeployment","ab8e2221-dd9f-45e3-8e27-097827ca7f53","1.20240724.3.0","2024-07-24T12:26:57.296308Z"
"6bd9b4f7-6d9e-4dbb-8aff-076d7daf2134","AesirCosmicConfigurationDeployment","80f1e8fb-58c6-41f4-b4b6-cdb60c6bfb8d","20240722.1","2024-07-24T12:34:37.278595Z"
"6d6c3371-144f-4206-a2a9-1ccd34e0efb0","AesirCosmicConfigurationDeployment","c01a45fd-ec1d-4aa6-a232-bf5c4977b8f9","20240724.4","2024-07-24T12:40:13.707716Z"
"6d6c3371-144f-4206-a2a9-1ccd34e0efb0","AesirCosmicConfigurationDeployment","0a9a26c6-e73e-421b-b261-910ccd5563e6","1.20240724.4.0","2024-07-24T12:44:05.380415Z"
"NOT_AVAILABLE","AesirCosmicConfigurationDeployment","880e04ec-7457-41ae-8d90-d31c79d1c224","1.20240724.4.0","2024-07-24T12:45:56.266538Z"
"6023b077-3201-47ea-ab2c-669eaea9b7a7","AesirCosmicConfigurationDeployment","b2328a6e-1062-4020-8181-c153cf38d40e","20240724.1","2024-07-24T12:54:25.244635Z"
"6bd9b4f7-6d9e-4dbb-8aff-076d7daf2134","AesirCosmicConfigurationDeployment","eb45fa7b-1b67-483a-a31c-d3ed68d022b6","20240722.1","2024-07-24T13:04:27.042397Z"
"6d6c3371-144f-4206-a2a9-1ccd34e0efb0","AesirCosmicConfigurationDeployment","3d4adca3-9d1c-4f7c-9d96-4f92a087590e","20240724.5","2024-07-24T13:09:32.396765Z"
"6d6c3371-144f-4206-a2a9-1ccd34e0efb0","AesirCosmicConfigurationDeployment","55f6b74e-7d73-4b36-9485-8bfa192b54fd","1.20240724.5.0","2024-07-24T13:11:26.997102Z"
"6bd9b4f7-6d9e-4dbb-8aff-076d7daf2134","AesirCosmicConfigurationDeployment","9f78aada-fd14-4fc6-ab5a-7befce7ca49a","20240724.3","2024-07-24T13:14:24.742906Z"
"6d6c3371-144f-4206-a2a9-1ccd34e0efb0","AesirCosmicConfigurationDeployment","b60099b6-a0fd-46df-a943-6693c73ba5f7","20240724.6","2024-07-24T13:39:47.487337Z"
"6d6c3371-144f-4206-a2a9-1ccd34e0efb0","AesirCosmicConfigurationDeployment","0cc23266-766e-4f54-8d67-82d00e5c462c","1.20240724.6.0","2024-07-24T13:41:11.556006Z"
"NOT_AVAILABLE","AesirCosmicConfigurationDeployment","01ee53fa-8884-4fbf-95d1-7c178307daa5","1.20240724.6.0","2024-07-24T13:47:43.705868Z"
"7bff2dd7-fe14-472f-9c41-2c2c69a4114e","AesirCosmicConfigurationDeployment","ed923397-4e0f-432f-b20f-f92c1d527579","20240724.2","2024-07-24T13:48:23.206228Z"
"NOT_AVAILABLE","AesirCosmicConfigurationDeployment","f213f012-06e3-471a-ba1c-0c6e4b0d36e6","1.20240723.8.0","2024-07-24T13:52:17.547533Z"
"NOT_AVAILABLE","AesirCosmicConfigurationDeployment","043e3a62-7617-4cf3-b628-1c24fc9ffb8b","1.20240723.8.0","2024-07-24T13:57:04.584695Z"
"NOT_AVAILABLE","AesirCosmicConfigurationDeployment","77634ad2-5deb-4a95-96d6-3b4b7cad0afb","1.20240723.8.0","2024-07-24T14:09:50.928356Z"
"c2307a18-4ab9-477f-b012-b6940c0e0482","AetherManagementServices","d2a690c5-cec0-4bf8-a99a-f83998add28e","20240722.2","2024-07-24T11:38:59.082115Z"
"e6e1ea2a-04a0-4f78-bc75-7d45c90eee39","AgreementPackageCreationService","2372e16d-abb2-4d5a-a6f8-85402e684075","Release-35","2024-07-24T14:13:34.396073Z"
"e6e1ea2a-04a0-4f78-bc75-7d45c90eee39","AgreementPackageCreationService","9b6077e2-cd6e-4ce4-8031-a3ea50894e84","Release-35","2024-07-24T14:22:35.127178Z"
"e6e1ea2a-04a0-4f78-bc75-7d45c90eee39","AgreementWeb","99030869-f968-4995-8ed1-8e6898222b80","Release-4","2024-07-24T11:49:41.458577Z"
"e6e1ea2a-04a0-4f78-bc75-7d45c90eee39","AgreementWeb","fc06c67b-6d15-4a1f-9666-1ab51ebc2dbd","Release-5","2024-07-24T13:22:49.979992Z"
"1b713daa-5c8f-46cf-b421-a14259f6fa02","AirsReportsWebjob","95a36de3-664f-4f5d-974e-55ddd85c2cc7","20240724.6","2024-07-24T12:24:43.113315Z"
"a2dd5407-7262-4306-a3df-71ea2b0914e8","Alerts","971a12e5-0952-465b-aa75-88dc4aa7d97a","20240724.3","2024-07-24T12:27:14.34858Z"
"083ed67e-91d5-4bdc-baa7-470b212b90ba","AlertsMgmtResourceProvider","f214d11e-71cf-429b-9fbd-630b95d50a8e","1.0.02761.2308","2024-07-24T13:43:33.695591Z"
"fca21b6c-8adb-41c5-8b1e-21ec30a4d765","AnalyticsIngestion","28638531-5498-46dc-9130-2416aa6bc5e3","1.0.9.1304","2024-07-24T13:04:23.246467Z"
"411e6365-ec40-42e9-b127-e5bb99e4ce9c","ApiHub","d3f734b1-675d-4942-82e8-f3bb4c714dfb","1.51.21-dev.0+61e9f51","2024-07-24T13:02:46.955935Z"
"411e6365-ec40-42e9-b127-e5bb99e4ce9c","ApiHub","bac6ae9b-4fe3-4436-aa3c-15b74696e4c7","1.51.21-dev.0+61e9f51","2024-07-24T13:18:14.267932Z"
"411e6365-ec40-42e9-b127-e5bb99e4ce9c","ApiHub","9f937551-0c6b-4ef9-b493-95a1ddb926b3","1.51.21-dev.0+61e9f51","2024-07-24T13:33:17.181818Z"
"NOT_AVAILABLE","ApolloAks","7dc2d42c-7d36-4d8a-8bf5-c94b44375e11","20240723.2","2024-07-24T07:25:52.413251Z"
"NOT_AVAILABLE","ApolloAks","3eb4438d-33ea-431f-87ef-2aa84ae229db","20240724.1","2024-07-24T12:55:14.843085Z"
"NOT_AVAILABLE","ApolloAks","066e5a4f-b49e-4e35-9991-0f9f74eea69e","20240724.4","2024-07-24T13:55:00.912685Z"
"11740117-8e51-48c2-8846-60b0485afde3","ApolloManagementServices","435b9ad3-4ed4-40af-a823-d5c46b2d4f90","20240723.3","2024-07-24T12:38:03.124977Z"
"11740117-8e51-48c2-8846-60b0485afde3","ApolloManagementServices","9bfbb221-6c34-48e4-aba8-bf4c1f22c056","20240724.1","2024-07-24T14:02:11.154561Z"
"11740117-8e51-48c2-8846-60b0485afde3","ApolloManagementServices","ca48cfb2-8a37-482a-8fab-188cb107ff8d","20240724.1","2024-07-24T14:03:28.131782Z"
"11740117-8e51-48c2-8846-60b0485afde3","ApolloManagementServices","319e0b73-a12c-43d9-ac74-4934619ffdaa","20240724.1","2024-07-24T14:04:14.128596Z"
"11740117-8e51-48c2-8846-60b0485afde3","ApolloManagementServices","48f64d19-d544-44f3-90f3-e2ea330a7b3a","20240724.1","2024-07-24T14:06:03.352044Z"
"11740117-8e51-48c2-8846-60b0485afde3","ApolloManagementServices","c4e10d5c-2cc6-4117-898d-5e32bfc4b66b","20240724.1","2024-07-24T14:07:08.377855Z"
"11740117-8e51-48c2-8846-60b0485afde3","ApolloManagementServices","6594f0f6-e6e8-412f-91a0-d66fad18e35c","20240724.1","2024-07-24T14:07:40.304228Z"
"103c73c5-87a1-4c10-a691-79d759fa1112","ApolloManagementServices","c1d83b8a-14f9-4e54-b4f7-1eb19ac39c2b","20240724.1","2024-07-24T14:07:45.406093Z"
"45a7d954-eede-467d-b4f9-1f77feeec23c","AppConfig.AppConfigService.Agent","7f856fd0-b007-4a70-a8cf-7afde1372cba","20240724.1 • CICD EUS2 Classic","2024-07-24T10:09:36.776916Z"
"45a7d954-eede-467d-b4f9-1f77feeec23c","AppConfig.Infrastructure","cf6d1207-a405-41ca-96e3-9f257549b9cf","20240724.1 • CICD WUS3 Classic","2024-07-24T10:17:39.076571Z"
"45a7d954-eede-467d-b4f9-1f77feeec23c","AppConfig.Infrastructure","194aa571-6f36-49db-adf6-d6e2ccd91f9d","20240724.1 • CICD EUS2 Classic","2024-07-24T10:20:01.980322Z"
"45a7d954-eede-467d-b4f9-1f77feeec23c","AppConfig.Infrastructure","4a26dc43-84d5-43af-812d-aef0aff06c36","20240724.1 • CICD WUS3 Classic","2024-07-24T10:29:57.675121Z"
"45a7d954-eede-467d-b4f9-1f77feeec23c","AppConfig.Replication","ff33376e-9e5f-4960-8329-a691b5bc2f03","20240724.1 • CICD EUS2 Classic","2024-07-24T10:10:12.634337Z"
"45a7d954-eede-467d-b4f9-1f77feeec23c","AppConfig.ResourceProvider","c1722782-817c-458b-9e75-08d912d2a676","20240724.1 • CICD EUS2 Classic","2024-07-24T10:09:06.511549Z"
"45a7d954-eede-467d-b4f9-1f77feeec23c","AppConfig.Runner","ecf6b6d7-5384-4132-82d2-391425231c3e","20240724.1","2024-07-24T13:07:33.200579Z"
"45a7d954-eede-467d-b4f9-1f77feeec23c","AppConfig.Runner","d3552bd3-a0d9-46b6-9513-9ec9c6da549b","20240724.1","2024-07-24T13:09:05.34671Z"
"062f8cfc-894e-411a-9351-b7581770ff1c","AppSense Front Door","c3888b5f-db28-4f55-8c97-43a583949710","20240724.1","2024-07-24T11:34:34.4774Z"
"716c8919-bcea-4c7a-9c44-126b2d6e5aad","Application","27ad0521-791c-455f-9ef2-d4167c968a5b","20240724.3","2024-07-24T12:24:27.572315Z"
"746de784-6763-44d9-bc6c-e54b6bd62944","ArcSecurity","c94cdc96-1281-4733-821c-2740abcdd5fc","20240722.1","2024-07-24T11:34:08.82363Z"
"746de784-6763-44d9-bc6c-e54b6bd62944","ArcSecurity","c9ec2a88-219b-42ec-8f45-093a9950b008","20240722.1","2024-07-24T11:57:51.609377Z"
"e45adc79-6774-4d47-9e3f-cacb5dbd32c2","Arca-UpdateScaleGroupFootprint","79885b32-6dd1-4cda-851f-3276ea7294eb","CRMDeployment-v9.0_master-9.2.24074.00138--TP2CRMLIVESG833-(-20240724-0015)","2024-07-24T11:33:47.239544Z"
"19f5f971-47ce-4523-8fb9-27948bb561bb","ArcaEv2Extention","6e381272-2483-4113-839b-7d744194ad97","-v9.0_weekly_2407.1-9.2.24071.00184-v9.0_weekly_2407.1","2024-07-24T09:59:01.740242Z"
"19f5f971-47ce-4523-8fb9-27948bb561bb","ArcaEv2Extention","acd1fd48-6e4b-4f4c-92b2-b5e116c5645a","-v9.0_weekly_2407.4-9.2.24074.00140-v9.0_weekly_2407.4","2024-07-24T12:11:33.621233Z"
"19f5f971-47ce-4523-8fb9-27948bb561bb","ArcaEv2Extention","3142dc58-30ca-48d5-99ad-ad909c8ed63e","-v9.0_weekly_2407.4-9.2.24074.00140-v9.0_weekly_2407.4","2024-07-24T12:21:55.991257Z"
"e45adc79-6774-4d47-9e3f-cacb5dbd32c2","ArcaEv2Extention","13e3a818-9e10-4544-ba48-96b4b80e6394","v9.0_weekly_2407.1-9.2.24071.00184","2024-07-24T12:58:06.437558Z"
"e45adc79-6774-4d47-9e3f-cacb5dbd32c2","ArcaEv2Extention","fb3158c1-ceaa-460b-8bb9-41428b89bac1","v9.0_weekly_2407.4-9.2.24074.00136","2024-07-24T13:50:27.154428Z"
"e45adc79-6774-4d47-9e3f-cacb5dbd32c2","ArcaEv2Extention","e782d260-9865-429c-96d0-5c88a8664eb4","v9.0_weekly_2407.4-9.2.24074.00138","2024-07-24T14:07:34.37313Z"
"a2dd5407-7262-4306-a3df-71ea2b0914e8","AsimovAppUsageObservabilityPPE","35573133-00bc-4e19-8dd2-ec3e79370faa","20240724.2","2024-07-24T10:27:12.889166Z"
"bafdfe08-21e4-48ea-8a63-0f1b86507dde","AspectTests","e0c02458-d00d-4d3e-9fa9-15321748db35","34b9e759","2024-07-24T14:03:45.586691Z"